Open,Delta,FractionalIncrease,High,Low,Positive,ReuterCredit,reuter_score,InvestCredit,invest_score,FoolCredit,fool_score,CnbcCredit,cnbc_score,MarketCredit,market_score
778.55,-4.060000000000058,-0.005187769131495968,799.74,773.145,False,0.9147269764086104,0.4986,0.8988500535359272,0.7968000000000001,0.8918053097419438,0.9744,0.8954140597419438,0.8665700000000001,0.872976509838307,0.7782454545454545
792.95,14.400000000000093,0.018495921906107625,792.0,753.36,True,0.9276444498775337,0.37949,0.9167270176487285,0.799275,0.8927336165442004,0.9909099999999998,0.9033579915442005,0.73287,0.8963745909265741,0.5881454545454546
817.36,24.409999999999968,0.030783782079576227,824.3,787.905,True,0.9116712731529864,0.57817,0.8847277000395767,0.9310666666666666,0.8780465707720341,0.9864,0.8877973297006054,0.8275100000000002,0.8708006293917924,0.4099545454545454
809.1,-8.259999999999991,-0.010105706175981196,823.0,804.5,False,0.9164019272889844,0.08370000000000001,0.8771616071517652,0.9829,0.8708134232206722,0.9846272727272728,0.8961323065458089,0.8373299999999999,0.8703772897247358,0.8110909090909092
802.33,-6.769999999999982,-0.00836732171548632,816.0,802.44,False,0.9105500182918119,0.6271000000000001,0.8732774652527893,0.958125,0.8723985603228982,0.9676,0.8900393745868909,0.98903,0.875326032843021,0.9626100000000001
807.5,5.169999999999959,0.006443732628718805,813.43,789.62,True,0.9185774498723529,0.5114555555555556,0.8749079141811679,0.95878,0.878936443437866,0.9859454545454548,0.9192943505698624,0.97262,0.8946709239627555,0.7510363636363636
828.38,20.879999999999995,0.02585758513931888,830.43,805.92,True,0.8899935229233449,0.6113199999999999,0.8607628670614129,0.96084,0.8597597697061016,0.7442200000000001,0.9040329732720999,0.73827,0.8792145461804545,0.6052272727272727
829.0,0.6200000000000045,0.0007484487795456246,834.65,821.01,True,0.8955140019007443,0.5368625,0.8667866696328188,0.9787875,0.8652859479545196,0.76898,0.9088892192873701,0.84278,0.884017464471,0.7052333333333332
859.05,30.049999999999947,0.03624849215922793,858.794,823.96,True,0.8926777537881785,0.321025,0.8602843830878811,0.970125,0.8624525494774634,0.97644,0.9057208546937398,0.47855,0.8808224360150076,0.5991285714285715
815.0,-44.04999999999996,-0.05127757406437339,867.0,812.25,False,0.8851147577396452,0.17561111111111108,0.8577207480393836,0.9791,0.8551652534265495,0.94103,0.8982660755845391,0.5018199999999999,0.8733543249746255,0.5158400000000001
831.73,16.730000000000018,0.020527607361963213,834.25,812.051,True,0.8931894091067345,0.5328545454545455,0.8658950342944468,0.97615,0.8797113760056011,0.8177899999999999,0.9064778645415608,0.8679699999999999,0.8923308324505651,0.6981833333333333
838.5,6.769999999999982,0.008139660707200631,842.0,826.5,True,0.9104484517839676,0.5366111111111111,0.8868435796592739,0.90555,0.8850852820748414,0.7933999999999999,0.9215101143752392,0.71226,0.8988984505300767,0.6701818181818182
851.08,12.580000000000036,0.015002981514609468,853.79,837.26,True,0.8973842105428224,0.2858333333333333,0.8739878290129656,0.9356,0.8723385405568109,0.77863,0.9084398479985524,0.69981,0.8867485650171818,0.67155
856.31,5.2299999999999045,0.0061451332424682795,858.0,841.442,True,0.9054078577100655,0.8886888888888889,0.877652320654655,0.6732199999999999,0.8805209375856115,0.98734,0.9164604825980248,0.8689500000000001,0.8952293900485501,0.8196333333333334
853.69,-2.6199999999998917,-0.0030596396164939,856.93,841.17,False,0.9113769902137626,0.30977777777777776,0.8859052762185474,0.9845333333333331,0.8865694450200872,0.9939399999999999,0.9224281088178365,0.7563699999999999,0.9014271114843099,0.888390909090909
870.53,16.839999999999918,0.019726130094062152,869.88,852.67,True,0.9092034834209857,0.1197111111111111,0.8833814484756702,0.9938600000000001,0.8988286548100105,0.9950600000000002,0.920253848883117,0.59772,0.8971143259302446,0.5251
841.39,-29.139999999999986,-0.0334738607514962,874.42,847.0,False,0.9115234856976996,0.5433090909090909,0.8764541348917084,0.9917,0.8822569047255454,0.8167099999999999,0.9066765850954317,0.6963199999999999,0.8812697726182295,0.5952583333333333
851.98,10.590000000000034,0.01258631550172932,851.585,824.3,True,0.916648063999285,0.6978888888888891,0.8877683128387136,0.68624,0.889046107798379,0.98244,0.9061748504405754,0.68719,0.9135480489551763,0.3678400000000001
849.5,-2.480000000000018,-0.002910866452264159,860.59,845.245,False,0.9234200584174768,0.49925,0.8903992274214895,0.7289200000000001,0.892159610620054,0.99392,0.9223793986078189,0.67119,0.9154449984516547,0.4298888888888889
841.04,-8.460000000000036,-0.00995879929370222,853.59,834.6,False,0.9002693037431214,0.090925,0.8820293786205009,0.78495,0.8813958202197832,0.9645499999999998,0.8997294642136658,0.96165,0.9010378593420914,0.39419166666666666
859.74,18.70000000000005,0.022234376486255168,860.2,837.85,True,0.9204412647873479,0.07521111111111109,0.8921727514721766,0.8450285714285715,0.893552644300613,0.9698818181818182,0.923806142959302,0.5875363636363636,0.894373973972112,0.5427454545454548
890.0,30.25999999999999,0.0351966873706004,892.99,857.5,True,0.9342281416826191,0.2858,0.8977232209666189,0.97031,0.8971001256914354,0.96981,0.9290918279349873,0.7149599999999999,0.8956658296496659,0.4318272727272727
950.29,60.28999999999997,0.06774157303370783,950.2,887.18,True,0.9300804147562151,0.30759999999999993,0.9072663294671927,0.97107,0.900055778481286,0.9644100000000002,0.9348701241839358,0.59106,0.8890295326781201,0.7097916666666667
951.29,1.0,0.0010523103473676458,962.2,947.37,True,0.9219486581041797,0.3924875,0.9009361104580772,0.29284999999999994,0.8976976562545939,0.9803090909090908,0.9388377836513734,0.8818,0.8812224149848263,
943.2,-8.089999999999918,-0.008504241608762753,965.8960000000001,940.06,False,0.9113395981214257,,0.8918156331385497,0.87905,0.8814386342336699,,0.9069432217415834,,0.8740911245940377,0.5787800000000001
979.0,35.799999999999955,0.037955894826123784,978.115,941.27,True,0.9104717219016353,,0.8919287910965185,0.9787300000000002,0.8868492862884217,,0.9082496127241947,0.5350900000000001,0.8917245539016335,
990.96,11.960000000000036,0.012216547497446412,999.6,977.82,True,0.9213455798742368,0.07778000000000003,0.8833044593830714,0.9494100000000001,0.8752663767493442,,0.891935814963802,,0.8790924316442387,0.6727454545454546
1004.23,13.269999999999984,0.013391055138451584,1008.61,981.29,True,0.9301111982492355,0.6175888888888889,0.8941543715695554,0.94934,0.897875226672224,,0.9126586559001969,0.8695700000000001,0.8911043043413945,0.9694199999999998
948.02,-56.210000000000036,-0.05597323322346478,1005.6,936.795,False,0.9421380775572045,,0.9054410395286904,,0.903129115097906,0.9932799999999999,0.9304108825565943,0.36719,0.9149385192824618,
976.87,28.850000000000023,0.03043184742937915,980.79,940.37,True,0.9347694726469908,0.3261166666666667,0.9037744996685868,,0.9036068549825048,,0.9268393842883965,,0.9113315854158763,0.6704899999999999
951.35,-25.519999999999985,-0.026124253994902067,993.99,936.16,False,0.9414778448200091,0.58906,0.9103069235167824,,0.9134896310183762,0.9831272727272726,0.9341293139293035,,0.9175228674104005,
925.0,-26.350000000000023,-0.027697482524833155,951.66,915.31,False,0.9426176126785736,0.5383333333333334,0.9119587099977845,,0.9162206242678268,0.99251,0.937970885989462,0.618,0.9188591902889728,-0.04867000000000001
970.8,45.79999999999996,0.04951351351351346,969.63,919.85,True,0.9436394920794119,,0.9122977142756481,,0.9172096623390582,,0.9389388769645487,,0.9201345055746774,
997.0,26.200000000000053,0.02698805109188303,995.6,964.8,True,0.9437508344768156,0.7251555555555554,0.9122311560180806,,0.9172558604976427,,0.9389745515750609,,0.9203238423404984,
969.18,-27.820000000000054,-0.02790371113340025,1006.19,960.23,False,0.9312894462069495,,0.8985647126776428,,0.9065602608186812,0.8197099999999999,0.9264996911987567,,0.9073861922281404,0.6759416666666667
949.1,-20.079999999999927,-0.02071854557460939,969.52,932.5210000000001,False,0.930296693788937,0.23995,0.8939981487959291,,0.9064444880880672,0.9417,0.927366492745479,,0.9061712668739689,0.6568909090909091
935.0,-14.100000000000026,-0.01485617953851019,952.49,933.92,False,0.9220597352007276,,0.8944394837253705,,0.9132231266792916,0.77525,0.9366990796529723,,0.9108911735535766,
942.95,7.9500000000000455,0.008502673796791494,949.9,921.22,True,0.9283565479641591,,0.8930339311923216,,0.9089404736113492,,0.9326296263655801,,0.9069218775087313,
943.71,0.7599999999999909,0.0008059812291213648,945.425,918.6,True,0.9359284296035071,0.3909555555555555,0.8932038800912334,,0.9157853094219135,0.9908899999999999,0.9420993162623972,0.56718,0.9126083357831467,0.21383
946.3,2.589999999999918,0.00274448718356266,946.31,919.31,True,0.9338700423988898,,0.8948301261840584,0.9755,0.9062069714462296,0.99315,0.9453164845384819,0.97361,0.9301110063068407,0.3479636363636364
944.25,-2.0499999999999545,-0.002166332030011576,958.33,932.68,False,0.9315731572724539,,0.8966000923239444,0.88939,0.9032417952447499,0.9813299999999999,0.9391648803046289,,0.9230149747497336,
946.0,1.75,0.0018533227429176602,952.85,937.5,True,0.9375670552066371,-0.01684,0.8994225237556915,,0.907827591033396,0.8025899999999999,0.9432934552426845,,0.9281728570533502,0.9156799999999998
948.13,2.1299999999999955,0.002251585623678642,950.0,925.4,True,0.9403094862801825,,0.9060668908504962,,0.91614391957748,0.79796,0.9467826121313808,,0.9308616971377892,0.478525
956.25,8.120000000000005,0.008564226424646416,965.43,924.51,True,0.9397017041582385,0.5566416666666667,0.9061165598924991,0.8343700000000001,0.9157624783221056,,0.9464279679007397,,0.9296261470038621,0.3006583333333334
972.79,16.539999999999964,0.017296732026143753,977.74,955.55,True,0.9343496311117223,0.56288,0.9025765504095622,,0.9120569215097445,,0.9427224110883784,,0.9239541052814729,0.6826500000000001
1003.84,31.05000000000007,0.03191850245171113,1007.57,970.27,True,0.9361823320283904,,0.9011530841733413,,0.9086905523971215,0.8537299999999999,0.9488911486288926,0.8230799999999998,0.9283196905764489,
1004.75,0.9099999999999682,0.0009065189671660504,1016.31,1001.1,True,0.9455088475338326,,0.8898405520925744,,0.8945503191675972,,0.9204000457051287,,0.9205019520507796,0.9684181818181821
998.47,-6.279999999999973,-0.0062503110226424215,1008.65,977.08,False,0.9403522680834546,,0.8994372901021521,,0.9044906405042376,0.9933700000000001,0.9245501629933602,0.35594999999999993,0.9263725320559741,
1039.99,41.519999999999975,0.04158362294310293,1063.62,990.47,True,0.9216148546597308,0.7287545454545454,0.9152756002040242,,0.9043050443116042,,0.9335719352402114,0.51118,0.9117030002249944,0.031500000000000014
1048.0,8.009999999999991,0.007701997134587823,1062.69,1028.66,True,0.912709708046929,,0.9091434085257806,0.98144,0.8967851691793325,0.98577,0.9132133164296986,,0.9014039858549224,0.2918857142857143
68.352,-0.8369999999999891,-0.012097298703550986,69.851,68.268,False,0.9147269764086104,,0.8988500535359272,,0.8918053097419438,,0.8954140597419438,,0.872976509838307,
69.067,0.7149999999999892,0.01046055711610471,69.233,67.622,True,0.9276444498775337,,0.9167270176487285,,0.8927336165442004,,0.9033579915442005,,0.8963745909265741,
69.791,0.7240000000000038,0.01048257489104788,71.02600000000002,68.34100000000001,True,0.9116712731529864,,0.8847277000395767,,0.8780465707720341,,0.8877973297006054,,0.8708006293917924,
69.811,0.020000000000010232,0.00028656990156338544,70.555,69.179,True,0.9164019272889844,,0.8771616071517652,,0.8708134232206722,,0.8961323065458089,,0.8703772897247358,
67.821,-1.9900000000000089,-0.028505536376788886,69.811,67.821,False,0.9105500182918119,,0.8732774652527893,,0.8723985603228982,,0.8900393745868909,,0.875326032843021,
67.057,-0.7639999999999958,-0.011264947435160141,68.234,66.685,False,0.9185774498723529,,0.8749079141811679,,0.878936443437866,,0.9192943505698624,,0.8946709239627555,
66.98899999999999,-0.06800000000001205,-0.0010140626631076851,67.939,66.646,False,0.8899935229233449,,0.8607628670614129,,0.8597597697061016,,0.9040329732720999,,0.8792145461804545,
66.763,-0.2259999999999849,-0.0033736882174683143,67.9,65.734,False,0.8955140019007443,,0.8667866696328188,,0.8652859479545196,,0.9088892192873701,,0.884017464471,
65.783,-0.980000000000004,-0.014678789149678772,66.822,65.225,False,0.8926777537881785,,0.8602843830878811,,0.8624525494774634,,0.9057208546937398,,0.8808224360150076,
65.009,-0.7740000000000009,-0.011765957770244606,65.875,63.971000000000004,False,0.8851147577396452,,0.8577207480393836,,0.8551652534265495,,0.8982660755845391,,0.8733543249746255,
66.44,1.4309999999999974,0.02201233675337257,66.459,65.009,True,0.8931894091067345,,0.8658950342944468,,0.8797113760056011,0.9929400000000002,0.9064778645415608,,0.8923308324505651,0.8872333333333332
67.293,0.8530000000000086,0.012838651414810486,67.753,66.205,True,0.9104484517839676,0.9759,0.8868435796592739,0.7605,0.8850852820748414,0.9976166666666666,0.9215101143752392,0.8392299999999999,0.8988984505300767,0.9829428571428572
70.555,3.2620000000000005,0.04847458130860565,70.918,67.233,True,0.8973842105428224,0.47245,0.8739878290129656,-0.1969,0.8723385405568109,0.99329,0.9084398479985524,0.8177499999999999,0.8867485650171818,0.6239545454545457
69.007,-1.5480000000000018,-0.0219403302388208,71.34,68.596,False,0.9054078577100655,-0.8578,0.877652320654655,0.9937,0.8805209375856115,0.9922799999999999,0.9164604825980248,0.5639666666666667,0.8952293900485501,0.78815
68.85300000000001,-0.15399999999999636,-0.002231657657918709,69.595,68.381,False,0.9113769902137626,-0.114075,0.8859052762185474,0.9899,0.8865694450200872,0.9953625,0.9224281088178365,0.54359,0.9014271114843099,0.8366999999999999
69.209,0.3559999999999945,0.0051704355656252395,70.29,68.666,True,0.9092034834209857,,0.8833814484756702,,0.8988286548100105,,0.920253848883117,,0.8971143259302446,
69.297,0.08799999999999386,0.0012715109306592185,69.84100000000001,68.794,True,0.9115234856976996,0.5072000000000001,0.8764541348917084,0.85775,0.8822569047255454,0.9884333333333334,0.9066765850954317,0.7971600000000001,0.8812697726182295,0.8144250000000002
69.781,0.4840000000000089,0.0069844293403756134,70.265,68.439,True,0.916648063999285,0.23333333333333334,0.8877683128387136,0.8475666666666667,0.889046107798379,0.99605,0.9061748504405754,0.9121800000000002,0.9135480489551763,0.9417
70.778,0.997,0.014287556784798153,71.627,69.73100000000001,True,0.9234200584174768,0.1801166666666667,0.8903992274214895,0.5794,0.892159610620054,0.9945,0.9223793986078189,0.6182200000000001,0.9154449984516547,0.2696333333333333
72.426,1.647999999999996,0.02328407132159705,72.881,70.462,True,0.9002693037431214,0.9037,0.8820293786205009,0.9641,0.8813958202197832,0.9788666666666668,0.8997294642136658,0.89175,0.9010378593420914,0.8694000000000001
73.187,0.7609999999999957,0.010507276392455687,73.42399999999998,72.21,True,0.9204412647873479,0.359425,0.8921727514721766,0.9524,0.893552644300613,0.9925666666666666,0.923806142959302,0.8938,0.894373973972112,0.6873166666666667
74.569,1.3820000000000048,0.018883134982988853,74.793,73.157,True,0.9342281416826191,0.35034,0.8977232209666189,0.9524,0.8971001256914354,0.6456571428571428,0.9290918279349873,0.9425833333333332,0.8956658296496659,0.64547
74.954,0.3849999999999909,0.005163003392830679,74.905,73.967,True,0.9300804147562151,0.242,0.9072663294671927,,0.900055778481286,0.9083857142857142,0.9348701241839358,0.4805100000000001,0.8890295326781201,0.8504999999999999
75.873,0.9190000000000113,0.012260853323371821,76.3,74.855,True,0.9219486581041797,-0.1750142857142857,0.9009361104580772,0.8807,0.8976976562545939,0.9889714285714286,0.9388377836513734,0.8855875,0.8812224149848263,0.27806249999999993
76.40899999999998,0.5359999999999872,0.007064436624358956,76.24,74.491,True,0.9113395981214257,0.49745,0.8918156331385497,0.9655,0.8814386342336699,0.9949625,0.9069432217415834,0.7540899999999999,0.8740911245940377,0.518675
77.87,1.4610000000000127,0.01912078420081421,78.943,75.654,True,0.9104717219016353,0.282975,0.8919287910965185,,0.8868492862884217,0.985075,0.9082496127241947,0.7471625000000001,0.8917245539016335,0.99895
78.148,0.2779999999999916,0.0035700526518555485,78.42699999999998,77.304,True,0.9213455798742368,0.36096666666666666,0.8833044593830714,0.8042500000000001,0.8752663767493442,,0.891935814963802,0.6231099999999999,0.8790924316442387,
79.083,0.9350000000000024,0.01196447765777758,79.972,77.771,True,0.9301111982492355,,0.8941543715695554,,0.897875226672224,,0.9126586559001969,,0.8911043043413945,
78.685,-0.3979999999999961,-0.005032687176763605,79.868,77.741,False,0.9421380775572045,,0.9054410395286904,,0.903129115097906,0.8101454545454545,0.9304108825565943,,0.9149385192824618,0.9336545454545456
75.555,-3.1299999999999955,-0.039778865094998984,78.804,72.832,False,0.9347694726469908,0.49128,0.9037744996685868,0.9771,0.9036068549825048,0.99324,0.9268393842883965,0.5965800000000001,0.9113315854158763,0.36558333333333337
75.773,0.2179999999999893,0.002885315333200838,76.32,74.084,True,0.9414778448200091,0.9827,0.9103069235167824,-0.3898,0.9134896310183762,0.7832714285714284,0.9341293139293035,0.50544,0.9175228674104005,0.9588166666666664
74.87899999999998,-0.8940000000000055,-0.011798397846198587,75.863,74.611,False,0.9426176126785736,0.53694,0.9119587099977845,,0.9162206242678268,0.9942,0.937970885989462,0.32782999999999995,0.9188591902889728,0.7827599999999999
74.203,-0.6759999999999877,-0.009027898342659327,75.495,72.673,False,0.9436394920794119,0.08895,0.9122977142756481,0.9828,0.9172096623390582,0.99154,0.9389388769645487,0.7420200000000001,0.9201345055746774,0.9805166666666668
75.505,1.3019999999999925,0.01754646038569859,76.39,74.044,True,0.9437508344768156,-0.0648,0.9122311560180806,0.9931,0.9172558604976427,0.9945625,0.9389745515750609,0.71209,0.9203238423404984,0.6972625000000001
78.22800000000002,2.723000000000013,0.036063836831998056,78.675,75.078,True,0.9312894462069495,0.3844000000000001,0.8985647126776428,0.9981,0.9065602608186812,-0.055833333333333325,0.9264996911987567,0.6095199999999998,0.9073861922281404,0.6955799999999999
80.832,2.603999999999985,0.033287314005215334,80.60300000000002,77.98899999999998,True,0.930296693788937,,0.8939981487959291,,0.9064444880880672,,0.927366492745479,,0.9061712668739689,
81.07,0.23799999999999955,0.002944378463974659,81.99,79.709,True,0.9220597352007276,0.2409,0.8944394837253705,0.9595,0.9132231266792916,-0.30560000000000004,0.9366990796529723,0.52715,0.9108911735535766,0.39057142857142857
78.85,-2.2199999999999998,-0.027383742444800786,81.44,80.36,False,0.9283565479641591,0.4399857142857143,0.8930339311923216,0.99245,0.9089404736113492,0.9943714285714286,0.9326296263655801,0.8114000000000001,0.9069218775087313,0.45083
80.61,1.7600000000000051,0.022320862396956312,80.56,78.33,True,0.9359284296035071,-0.384175,0.8932038800912334,0.62876,0.9157853094219135,0.9857666666666668,0.9420993162623972,0.61538,0.9126083357831467,0.94065
78.6,-2.0100000000000047,-0.024934871604019408,80.88,77.5,False,0.9338700423988898,0.41836,0.8948301261840584,0.98,0.9062069714462296,0.9906375,0.9453164845384819,0.4088,0.9301110063068407,0.468575
80.32,1.7199999999999989,0.021882951653944008,80.4,77.9,True,0.9315731572724539,0.34097500000000003,0.8966000923239444,0.9732,0.9032417952447499,0.9926200000000002,0.9391648803046289,0.40376999999999996,0.9230149747497336,0.9615555555555556
79.79,-0.5299999999999869,-0.006598605577689081,80.76,77.73,False,0.9375670552066371,0.13836363636363636,0.8994225237556915,0.9911,0.907827591033396,0.9577625,0.9432934552426845,0.6152200000000001,0.9281728570533502,0.8147500000000001
80.57,0.7799999999999869,0.009775661110414674,81.12,79.215,True,0.9403094862801825,-0.03112857142857145,0.9060668908504962,0.9911,0.91614391957748,0.9498666666666666,0.9467826121313808,0.14129,0.9308616971377892,0.9276833333333332
79.0,-1.5699999999999932,-0.01948616110214712,80.57,78.67,False,0.9397017041582385,,0.9061165598924991,,0.9157624783221056,,0.9464279679007397,,0.9296261470038621,
79.17,0.1700000000000017,0.002151898734177237,79.7813,77.5,True,0.9343496311117223,,0.9025765504095622,,0.9120569215097445,,0.9427224110883784,,0.9239541052814729,
85.7,6.530000000000001,0.08248073765315146,86.29,78.25,True,0.9361823320283904,,0.9011530841733413,,0.9086905523971215,,0.9488911486288926,,0.9283196905764489,
86.15,0.4500000000000029,0.005250875145857676,86.95,85.02,True,0.9455088475338326,,0.8898405520925744,,0.8945503191675972,,0.9204000457051287,,0.9205019520507796,
88.66,2.509999999999991,0.029135229251305763,88.92,85.7659,True,0.9403522680834546,,0.8994372901021521,,0.9044906405042376,,0.9245501629933602,,0.9263725320559741,
88.28,-0.37999999999999545,-0.004286036544101009,89.11,86.391,False,0.9216148546597308,-0.3016444444444444,0.9152756002040242,,0.9043050443116042,,0.9335719352402114,0.6623699999999999,0.9117030002249944,
89.94,1.6599999999999966,0.018803806071590358,90.42,87.8,True,0.912709708046929,,0.9091434085257806,,0.8967851691793325,,0.9132133164296986,,0.9014039858549224,
36.788000000000004,-0.13399999999999326,-0.0036292725204483296,37.779,36.778,False,0.9147269764086104,,0.8988500535359272,,0.8918053097419438,,0.8954140597419438,,0.872976509838307,
38.332,1.5439999999999967,0.041970207676416134,38.561,36.342,True,0.9276444498775337,,0.9167270176487285,,0.8927336165442004,,0.9033579915442005,,0.8963745909265741,
38.95,0.6180000000000021,0.016122299906083746,39.579,38.255,True,0.9116712731529864,,0.8847277000395767,,0.8780465707720341,,0.8877973297006054,,0.8708006293917924,
40.227,1.276999999999994,0.03278562259306788,40.722,38.902,True,0.9164019272889844,,0.8771616071517652,,0.8708134232206722,,0.8961323065458089,,0.8703772897247358,
40.501999999999995,0.2749999999999986,0.006836204539239779,40.798,40.150999999999996,True,0.9105500182918119,,0.8732774652527893,,0.8723985603228982,,0.8900393745868909,,0.875326032843021,
40.808,0.3060000000000045,0.007555182460125537,40.979,40.426,True,0.9185774498723529,,0.8749079141811679,,0.878936443437866,,0.9192943505698624,,0.8946709239627555,
39.085,-1.7229999999999992,-0.04222211331111545,40.845,38.766999999999996,False,0.8899935229233449,,0.8607628670614129,,0.8597597697061016,,0.9040329732720999,,0.8792145461804545,
39.393,0.30799999999999983,0.007880260969681458,39.73,39.018,True,0.8955140019007443,,0.8667866696328188,,0.8652859479545196,,0.9088892192873701,,0.884017464471,
39.663000000000004,0.2700000000000031,0.006854009595613514,40.53,39.219,True,0.8926777537881785,,0.8602843830878811,,0.8624525494774634,,0.9057208546937398,,0.8808224360150076,
40.482,0.8189999999999955,0.020648967551622304,40.906,39.46,True,0.8851147577396452,,0.8577207480393836,,0.8551652534265495,,0.8982660755845391,,0.8733543249746255,
39.76,-0.7220000000000013,-0.017835087199249082,40.53,39.325,False,0.8931894091067345,,0.8658950342944468,,0.8797113760056011,,0.9064778645415608,,0.8923308324505651,
39.74,-0.019999999999996014,-0.0005030181086518113,39.914,38.931,False,0.9104484517839676,,0.8868435796592739,,0.8850852820748414,,0.9215101143752392,,0.8988984505300767,
40.164,0.4239999999999995,0.010669350780070443,40.251,39.297,True,0.8973842105428224,,0.8739878290129656,,0.8723385405568109,,0.9084398479985524,,0.8867485650171818,
40.366,0.20199999999999813,0.005029379543870087,40.81,40.019,True,0.9054078577100655,,0.877652320654655,,0.8805209375856115,,0.9164604825980248,,0.8952293900485501,
40.328,-0.0379999999999967,-0.0009413863152156939,40.559,40.155,False,0.9113769902137626,,0.8859052762185474,,0.8865694450200872,,0.9224281088178365,,0.9014271114843099,
41.041000000000004,0.7130000000000011,0.017680023804800656,41.07899999999999,40.222,True,0.9092034834209857,,0.8833814484756702,,0.8988286548100105,,0.920253848883117,,0.8971143259302446,
40.106,-0.9350000000000024,-0.022782095952827715,41.137,39.942,False,0.9115234856976996,,0.8764541348917084,,0.8822569047255454,,0.9066765850954317,,0.8812697726182295,
39.874,-0.2319999999999993,-0.005784670622849431,40.376,39.75,False,0.916648063999285,,0.8877683128387136,,0.889046107798379,,0.9061748504405754,,0.9135480489551763,
40.019,0.14499999999999602,0.0036364548327229773,40.357,39.814,True,0.9234200584174768,,0.8903992274214895,,0.892159610620054,,0.9223793986078189,,0.9154449984516547,
39.493,-0.5259999999999962,-0.013143756715560015,40.049,39.064,False,0.9002693037431214,,0.8820293786205009,,0.8813958202197832,,0.8997294642136658,,0.9010378593420914,
38.986,-0.507000000000005,-0.0128377180766213,39.736999999999995,39.172,False,0.9204412647873479,,0.8921727514721766,,0.893552644300613,,0.923806142959302,,0.894373973972112,
39.357,0.3710000000000022,0.009516236597753098,39.542,38.694,True,0.9342281416826191,,0.8977232209666189,,0.8971001256914354,,0.9290918279349873,,0.8956658296496659,
37.446,-1.9110000000000007,-0.04855553014711491,39.385999999999996,37.19300000000001,False,0.9300804147562151,,0.9072663294671927,,0.900055778481286,,0.9348701241839358,,0.8890295326781201,
37.485,0.03900000000000148,0.001041499759653941,37.806999999999995,36.685,True,0.9219486581041797,,0.9009361104580772,,0.8976976562545939,,0.9388377836513734,,0.8812224149848263,
36.559,-0.926000000000002,-0.024703214619181055,37.787,36.510999999999996,False,0.9113395981214257,,0.8918156331385497,,0.8814386342336699,,0.9069432217415834,,0.8740911245940377,
37.163000000000004,0.6040000000000063,0.016521239640034092,37.451,36.519,True,0.9104717219016353,,0.8919287910965185,,0.8868492862884217,,0.9082496127241947,,0.8917245539016335,
37.709,0.5459999999999994,0.014692032397815013,37.894,37.056,True,0.9213455798742368,,0.8833044593830714,,0.8752663767493442,,0.891935814963802,,0.8790924316442387,
37.836,0.12699999999999534,0.003367896258187577,38.1,37.553000000000004,True,0.9301111982492355,,0.8941543715695554,,0.897875226672224,,0.9126586559001969,,0.8911043043413945,
37.7,-0.13599999999999568,-0.003594460302357429,38.382,37.455999999999996,False,0.9421380775572045,,0.9054410395286904,,0.903129115097906,,0.9304108825565943,,0.9149385192824618,
37.231,-0.4690000000000012,-0.012440318302387298,38.022,36.9,False,0.9347694726469908,,0.9037744996685868,,0.9036068549825048,,0.9268393842883965,,0.9113315854158763,
36.919000000000004,-0.3119999999999976,-0.008380113346404813,37.38800000000001,36.657,False,0.9414778448200091,,0.9103069235167824,,0.9134896310183762,,0.9341293139293035,,0.9175228674104005,
37.124,0.2049999999999983,0.005552696443565597,37.251,36.597,True,0.9426176126785736,,0.9119587099977845,,0.9162206242678268,,0.937970885989462,,0.9188591902889728,
36.086999999999996,-1.037000000000006,-0.02793341234780752,37.228,36.086999999999996,False,0.9436394920794119,,0.9122977142756481,,0.9172096623390582,,0.9389388769645487,,0.9201345055746774,
35.879,-0.2079999999999984,-0.0057638484772909475,36.146,35.366,False,0.9437508344768156,,0.9122311560180806,,0.9172558604976427,,0.9389745515750609,,0.9203238423404984,
37.726,1.8470000000000013,0.051478580785417685,37.626999999999995,35.68199999999999,True,0.9312894462069495,,0.8985647126776428,,0.9065602608186812,,0.9264996911987567,,0.9073861922281404,
37.756,0.030000000000001137,0.0007952075491703636,39.178000000000004,37.56800000000001,True,0.930296693788937,,0.8939981487959291,,0.9064444880880672,,0.927366492745479,,0.9061712668739689,
37.795,0.03900000000000148,0.001032948405551475,38.264,37.56800000000001,True,0.9220597352007276,,0.8944394837253705,,0.9132231266792916,,0.9366990796529723,,0.9108911735535766,
37.687,-0.10800000000000408,-0.002857520836089538,38.082,37.489000000000004,False,0.9283565479641591,,0.8930339311923216,,0.9089404736113492,,0.9326296263655801,,0.9069218775087313,
37.489000000000004,-0.1979999999999933,-0.005253801045453162,37.741,36.739000000000004,False,0.9359284296035071,,0.8932038800912334,,0.9157853094219135,,0.9420993162623972,,0.9126083357831467,
37.272,-0.21700000000000585,-0.0057883645869456594,37.657,37.144,False,0.9338700423988898,,0.8948301261840584,,0.9062069714462296,,0.9453164845384819,,0.9301110063068407,
36.146,-1.1259999999999977,-0.03021034556771833,37.4,36.077,False,0.9315731572724539,,0.8966000923239444,,0.9032417952447499,,0.9391648803046289,,0.9230149747497336,
36.146,0.0,0.0,36.334,34.665,True,0.9375670552066371,,0.8994225237556915,,0.907827591033396,,0.9432934552426845,,0.9281728570533502,
38.023,1.8770000000000024,0.05192829082056112,38.255,35.771,True,0.9403094862801825,,0.9060668908504962,,0.91614391957748,,0.9467826121313808,,0.9308616971377892,
38.2,0.1769999999999996,0.004655077190121757,38.821999999999996,37.667,True,0.9397017041582385,,0.9061165598924991,,0.9157624783221056,,0.9464279679007397,,0.9296261470038621,
39.119,0.9189999999999968,0.02405759162303657,39.168,38.111,True,0.9343496311117223,,0.9025765504095622,,0.9120569215097445,,0.9427224110883784,,0.9239541052814729,
37.49,-1.6289999999999978,-0.04164216876709522,39.306,38.05,False,0.9361823320283904,,0.9011530841733413,,0.9086905523971215,,0.9488911486288926,,0.9283196905764489,
35.93,-1.5600000000000025,-0.04161109629234468,37.53,35.25,False,0.9455088475338326,,0.8898405520925744,,0.8945503191675972,,0.9204000457051287,,0.9205019520507796,
33.75,-2.18,-0.060673531867520177,36.33,33.33,False,0.9403522680834546,,0.8994372901021521,,0.9044906405042376,,0.9245501629933602,,0.9263725320559741,
33.57,-0.17999999999999972,-0.005333333333333325,34.33,33.29,False,0.9216148546597308,,0.9152756002040242,,0.9043050443116042,,0.9335719352402114,,0.9117030002249944,
33.43,-0.14000000000000054,-0.00417039022937148,34.424,32.55,False,0.912709708046929,,0.9091434085257806,,0.8967851691793325,,0.9132133164296986,,0.9014039858549224,
84.75399999999998,1.2239999999999895,0.0146534179336764,84.956,81.959,True,0.9147269764086104,-0.6858500000000001,0.8988500535359272,,0.8918053097419438,0.9985,0.8954140597419438,0.9451,0.872976509838307,
84.821,0.06700000000000728,0.0007905231611488223,85.255,83.42399999999998,True,0.9276444498775337,0.9287,0.9167270176487285,,0.8927336165442004,0.9754000000000004,0.9033579915442005,0.9266333333333332,0.8963745909265741,0.9919666666666668
86.79700000000004,1.9760000000000133,0.023296117706700148,89.79700000000004,84.436,True,0.9116712731529864,0.9287,0.8847277000395767,0.9985,0.8780465707720341,0.991,0.8877973297006054,0.9504333333333334,0.8708006293917924,0.9984
86.719,-0.07800000000001718,-0.0008986485708033363,88.30799999999998,86.469,False,0.9164019272889844,,0.8771616071517652,,0.8708134232206722,,0.8961323065458089,0.9998,0.8703772897247358,-0.7263
86.79700000000004,0.07800000000001718,0.0008994568664308534,87.76799999999999,86.719,True,0.9105500182918119,0.8986000000000001,0.8732774652527893,,0.8723985603228982,,0.8900393745868909,0.98845,0.875326032843021,0.9814000000000002
86.883,0.08599999999998431,0.0009908176549878948,87.99,86.459,True,0.9185774498723529,,0.8749079141811679,,0.878936443437866,0.99425,0.9192943505698624,0.9787,0.8946709239627555,0.99065
84.07,-2.8130000000000024,-0.0323768746475145,86.98899999999998,82.712,False,0.8899935229233449,0.6625333333333333,0.8607628670614129,,0.8597597697061016,0.9993,0.9040329732720999,0.992,0.8792145461804545,0.9786
82.818,-1.2519999999999951,-0.014892351611752057,84.205,82.89399999999998,False,0.8955140019007443,0.9171,0.8667866696328188,0.9343,0.8652859479545196,0.9932,0.9088892192873701,0.9897,0.884017464471,0.9983999999999998
82.54799999999999,-0.27000000000001023,-0.0032601608346012967,82.943,81.48899999999998,False,0.8926777537881785,0.9242,0.8602843830878811,,0.8624525494774634,0.9937333333333334,0.9057208546937398,-0.033041666666666664,0.8808224360150076,-0.9854
80.15899999999998,-2.388999999999996,-0.028940737510296993,82.682,79.513,False,0.8851147577396452,0.9670000000000002,0.8577207480393836,,0.8551652534265495,0.9946,0.8982660755845391,0.8658,0.8733543249746255,0.994
79.521,-0.637999999999991,-0.007959181127508964,80.65,78.90899999999998,False,0.8931894091067345,,0.8658950342944468,,0.8797113760056011,0.9919,0.9064778645415608,,0.8923308324505651,
80.804,1.2830000000000013,0.016134102941361417,80.867,79.389,True,0.9104484517839676,0.2108,0.8868435796592739,,0.8850852820748414,0.9965,0.9215101143752392,0.99895,0.8988984505300767,0.995
79.15100000000002,-1.6529999999999916,-0.020456908073857624,81.096,78.616,False,0.8973842105428224,0.9839,0.8739878290129656,0.9969,0.8723385405568109,0.9982,0.9084398479985524,0.9985,0.8867485650171818,0.987175
80.493,1.3419999999999843,0.016954934239617747,81.008,78.51,True,0.9054078577100655,0.9804500000000002,0.877652320654655,,0.8805209375856115,0.9982,0.9164604825980248,0.9995,0.8952293900485501,0.99835
78.393,-2.0999999999999943,-0.026089225150012968,81.903,78.753,False,0.9113769902137626,0.6998666666666666,0.8859052762185474,0.9678,0.8865694450200872,0.99225,0.9224281088178365,0.9787,0.9014271114843099,0.9989
79.745,1.352000000000004,0.01724643781970334,80.173,78.072,True,0.9092034834209857,-0.9716,0.8833814484756702,,0.8988286548100105,0.98925,0.920253848883117,0.9831,0.8971143259302446,0.9937
79.35600000000002,-0.3889999999999958,-0.004878048780487752,80.056,79.161,False,0.9115234856976996,0.12064999999999995,0.8764541348917084,0.9854,0.8822569047255454,0.9971,0.9066765850954317,0.9986,0.8812697726182295,0.2023
79.745,0.3889999999999958,0.004901960784313672,79.991,78.54,True,0.916648063999285,0.8832,0.8877683128387136,0.9854,0.889046107798379,,0.9061748504405754,0.96425,0.9135480489551763,0.0
80.445,0.6999999999999886,0.008777979810646293,81.532,79.064,True,0.9234200584174768,0.992,0.8903992274214895,,0.892159610620054,0.9997,0.9223793986078189,0.9451,0.9154449984516547,0.9986
80.415,-0.029999999999986926,-0.0003729256013423697,81.14399999999998,80.123,False,0.9002693037431214,-0.995,0.8820293786205009,0.9998,0.8813958202197832,0.9986,0.8997294642136658,0.5635000000000001,0.9010378593420914,-0.9965
78.695,-1.720000000000013,-0.021389044332525187,80.42399999999998,78.063,False,0.9204412647873479,-0.995,0.8921727514721766,,0.893552644300613,0.9838333333333334,0.923806142959302,0.9915,0.894373973972112,0.98555
78.812,0.11700000000000445,0.0014867526526463491,80.036,78.22800000000002,True,0.9342281416826191,0.9886,0.8977232209666189,0.994,0.8971001256914354,0.9766,0.9290918279349873,0.99245,0.8956658296496659,0.9928
79.997,1.1850000000000025,0.01503578135309347,80.756,78.685,True,0.9300804147562151,-0.9349,0.9072663294671927,,0.900055778481286,0.9979,0.9348701241839358,0.9782,0.8890295326781201,0.9721
81.047,1.0499999999999972,0.013125492205957687,80.831,79.133,True,0.9219486581041797,0.9325,0.9009361104580772,,0.8976976562545939,0.5994,0.9388377836513734,-0.8151,0.8812224149848263,
80.242,-0.8049999999999926,-0.009932508297654356,81.675,80.429,False,0.9113395981214257,-0.12800000000000009,0.8918156331385497,0.9933999999999996,0.8814386342336699,0.9879,0.9069432217415834,-0.9505,0.8740911245940377,0.9985
80.792,0.5499999999999972,0.006854265845816368,81.336,79.899,True,0.9104717219016353,,0.8919287910965185,,0.8868492862884217,,0.9082496127241947,,0.8917245539016335,
78.868,-1.9240000000000064,-0.02381423903356776,81.165,78.967,False,0.9213455798742368,,0.8833044593830714,,0.8752663767493442,,0.891935814963802,,0.8790924316442387,
79.006,0.13800000000000526,0.0017497590911396922,79.88,77.779,True,0.9301111982492355,,0.8941543715695554,0.9836,0.897875226672224,0.99675,0.9126586559001969,0.9988,0.8911043043413945,0.9863
80.252,1.2459999999999951,0.015770954104751475,82.12700000000002,78.986,True,0.9421380775572045,0.86195,0.9054410395286904,,0.903129115097906,0.996,0.9304108825565943,0.96985,0.9149385192824618,0.9836
79.928,-0.3239999999999981,-0.004037282559936177,81.979,79.624,False,0.9347694726469908,0.9977,0.9037744996685868,0.9914,0.9036068549825048,0.996,0.9268393842883965,0.9952,0.9113315854158763,0.9949
79.85,-0.07800000000000296,-0.0009758782904614523,80.232,79.252,False,0.9414778448200091,0.48765,0.9103069235167824,0.9914,0.9134896310183762,0.99275,0.9341293139293035,0.8316,0.9175228674104005,
79.35,-0.5,-0.006261740763932374,80.949,78.908,False,0.9426176126785736,0.9291,0.9119587099977845,,0.9162206242678268,0.9998,0.937970885989462,0.9517,0.9188591902889728,0.9918
79.458,0.10800000000000408,0.0013610586011342672,79.992,78.319,True,0.9436394920794119,0.7556,0.9122977142756481,,0.9172096623390582,0.9991,0.9389388769645487,0.9722,0.9201345055746774,0.9998
79.458,0.0,0.0,79.908,78.77,True,0.9437508344768156,0.7556,0.9122311560180806,0.9916,0.9172558604976427,0.99765,0.9389745515750609,0.99585,0.9203238423404984,0.9451
78.741,-0.7169999999999987,-0.009023635127992131,79.968,78.27,False,0.9312894462069495,-0.9571,0.8985647126776428,0.9655,0.9065602608186812,,0.9264996911987567,0.8909999999999999,0.9073861922281404,0.90075
78.839,0.09799999999999898,0.0012445866829224794,79.369,76.808,True,0.930296693788937,-0.9571,0.8939981487959291,0.9963,0.9064444880880672,,0.927366492745479,-0.4767,0.9061712668739689,0.9501
79.029,0.18999999999999773,0.0024099747586853928,79.31,78.289,True,0.9220597352007276,0.9882,0.8944394837253705,,0.9132231266792916,,0.9366990796529723,0.8582,0.9108911735535766,
76.55199999999998,-2.477000000000004,-0.03134292474914277,79.048,76.601,False,0.9283565479641591,-0.7615,0.8930339311923216,,0.9089404736113492,0.9982,0.9326296263655801,0.22955000000000006,0.9069218775087313,0.1513
75.798,-0.7539999999999907,-0.009849514055805085,76.626,75.35300000000002,False,0.9359284296035071,0.4588,0.8932038800912334,,0.9157853094219135,0.9589999999999996,0.9420993162623972,0.99935,0.9126083357831467,0.9985
75.571,-0.2270000000000039,-0.0029948019736669024,76.423,75.363,False,0.9338700423988898,,0.8948301261840584,,0.9062069714462296,,0.9453164845384819,,0.9301110063068407,
78.295,2.724000000000004,0.036045573037276256,78.499,75.35300000000002,True,0.9315731572724539,,0.8966000923239444,,0.9032417952447499,,0.9391648803046289,,0.9230149747497336,
79.118,0.8229999999999933,0.01051152691742759,79.039,77.889,True,0.9375670552066371,,0.8994225237556915,,0.907827591033396,,0.9432934552426845,,0.9281728570533502,
79.752,0.6340000000000003,0.008013347152354716,79.92,78.821,True,0.9403094862801825,-0.7269,0.9060668908504962,0.9038,0.91614391957748,0.9928,0.9467826121313808,0.29600000000000004,0.9308616971377892,0.9984
80.881,1.1290000000000049,0.01415638479285792,80.703,78.939,True,0.9397017041582385,-0.6908,0.9061165598924991,,0.9157624783221056,0.9934,0.9464279679007397,-0.8968,0.9296261470038621,-0.038750000000000014
80.971,0.09000000000000341,0.001112745885931225,81.694,80.5,True,0.9343496311117223,,0.9025765504095622,,0.9120569215097445,,0.9427224110883784,,0.9239541052814729,
81.555,0.5840000000000032,0.007212458781539107,81.98100000000002,80.609,True,0.9361823320283904,,0.9011530841733413,,0.9086905523971215,,0.9488911486288926,,0.9283196905764489,
81.595,0.039999999999992035,0.0004904665563115939,82.626,81.417,True,0.9455088475338326,0.4588,0.8898405520925744,,0.8945503191675972,0.9985,0.9204000457051287,0.6711333333333332,0.9205019520507796,0.99525
82.60600000000002,1.01100000000001,0.012390465102028429,83.038,81.575,True,0.9403522680834546,,0.8994372901021521,0.9864,0.9044906405042376,0.024050000000000016,0.9245501629933602,0.14800000000000002,0.9263725320559741,0.996
82.833,0.22699999999998965,0.0027479844079121326,83.46799999999998,81.258,True,0.9216148546597308,-0.4271636363636364,0.9152756002040242,0.99,0.9043050443116042,,0.9335719352402114,0.7173750000000001,0.9117030002249944,0.9966
82.536,-0.29699999999999704,-0.00358552750715291,83.101,82.1,False,0.912709708046929,,0.9091434085257806,,0.8967851691793325,,0.9132133164296986,,0.9014039858549224,
157.28,5.740000000000008,0.03787778804276105,157.92,147.69,True,0.9147269764086104,,0.8988500535359272,,0.8918053097419438,,0.8954140597419438,,0.872976509838307,
157.57,0.28999999999999204,0.0018438453713122585,160.64,154.42,True,0.9276444498775337,,0.9167270176487285,,0.8927336165442004,,0.9033579915442005,,0.8963745909265741,
158.02,0.45000000000001705,0.002855873579996301,159.93,155.88,True,0.9116712731529864,,0.8847277000395767,,0.8780465707720341,,0.8877973297006054,,0.8708006293917924,
159.52,1.5,0.009492469307682572,162.1,157.59,True,0.9164019272889844,,0.8771616071517652,,0.8708134232206722,,0.8961323065458089,,0.8703772897247358,
160.05,0.5300000000000011,0.003322467402206627,162.06,158.41,True,0.9105500182918119,,0.8732774652527893,,0.8723985603228982,,0.8900393745868909,,0.875326032843021,
159.88,-0.17000000000001592,-0.00106216807247745,160.7,157.31,False,0.9185774498723529,,0.8749079141811679,,0.878936443437866,,0.9192943505698624,,0.8946709239627555,
159.82,-0.060000000000002274,-0.0003752814610958362,161.09,158.64,False,0.8899935229233449,,0.8607628670614129,,0.8597597697061016,,0.9040329732720999,,0.8792145461804545,
155.91,-3.9099999999999966,-0.024465023151044905,161.08,154.28,False,0.8955140019007443,,0.8667866696328188,,0.8652859479545196,,0.9088892192873701,,0.884017464471,
159.99,4.0800000000000125,0.026168943621320072,160.11,154.75,True,0.8926777537881785,,0.8602843830878811,,0.8624525494774634,,0.9057208546937398,,0.8808224360150076,
160.64,0.6499999999999773,0.004062753922119989,162.01,158.16,True,0.8851147577396452,,0.8577207480393836,,0.8551652534265495,,0.8982660755845391,,0.8733543249746255,
158.48,-2.1599999999999966,-0.013446215139442207,161.36,157.57,False,0.8931894091067345,,0.8658950342944468,,0.8797113760056011,,0.9064778645415608,,0.8923308324505651,
162.87,4.390000000000015,0.02770065623422524,162.98,157.72,True,0.9104484517839676,,0.8868435796592739,,0.8850852820748414,,0.9215101143752392,,0.8988984505300767,
159.46,-3.4099999999999966,-0.02093694357463005,163.06,154.68,False,0.8973842105428224,,0.8739878290129656,,0.8723385405568109,,0.9084398479985524,,0.8867485650171818,
166.37,6.9099999999999975,0.04333375141101215,166.65,158.83,True,0.9054078577100655,,0.877652320654655,,0.8805209375856115,,0.9164604825980248,,0.8952293900485501,
166.83,0.46000000000000796,0.00276492156037752,167.4,164.69,True,0.9113769902137626,,0.8859052762185474,,0.8865694450200872,,0.9224281088178365,,0.9014271114843099,
170.71,3.879999999999996,0.02325720793622248,170.61,166.42,True,0.9092034834209857,,0.8833814484756702,,0.8988286548100105,,0.920253848883117,,0.8971143259302446,
164.92,-5.7900000000000205,-0.03391716946868971,170.78,164.33,False,0.9115234856976996,,0.8764541348917084,,0.8822569047255454,,0.9066765850954317,,0.8812697726182295,
162.36,-2.559999999999974,-0.015522677661896519,166.08,161.46,False,0.916648063999285,,0.8877683128387136,,0.889046107798379,,0.9061748504405754,,0.9135480489551763,
164.15,1.789999999999992,0.011024882976102438,165.94,162.17,True,0.9234200584174768,,0.8903992274214895,,0.892159610620054,,0.9223793986078189,,0.9154449984516547,
163.65,-0.5,-0.0030459945172098693,165.68,163.3,False,0.9002693037431214,,0.8820293786205009,,0.8813958202197832,,0.8997294642136658,,0.9010378593420914,
168.18,4.530000000000001,0.027681026581118245,169.85,163.37,True,0.9204412647873479,,0.8921727514721766,,0.893552644300613,,0.923806142959302,,0.894373973972112,
172.69,4.509999999999991,0.02681650612439048,174.27,167.05,True,0.9342281416826191,,0.8977232209666189,,0.8971001256914354,,0.9290918279349873,,0.8956658296496659,
171.69,-1.0,-0.005790723261335341,174.76,168.93,False,0.9300804147562151,,0.9072663294671927,,0.900055778481286,,0.9348701241839358,,0.8890295326781201,
171.4,-0.28999999999999204,-0.0016890908031917528,173.5,171.02,False,0.9219486581041797,,0.9009361104580772,,0.8976976562545939,,0.9388377836513734,,0.8812224149848263,
166.93,-4.469999999999999,-0.02607934655775962,172.49,165.33,False,0.9113395981214257,,0.8918156331385497,,0.8814386342336699,,0.9069432217415834,,0.8740911245940377,
174.93,8.0,0.04792427963817169,174.72,166.55,True,0.9104717219016353,,0.8919287910965185,,0.8868492862884217,,0.9082496127241947,,0.8917245539016335,
174.4,-0.5300000000000011,-0.0030297833419081982,177.48,173.54,False,0.9213455798742368,,0.8833044593830714,,0.8752663767493442,,0.891935814963802,,0.8790924316442387,
181.9,7.5,0.0430045871559633,182.03,173.81,True,0.9301111982492355,,0.8941543715695554,,0.897875226672224,,0.9126586559001969,,0.8911043043413945,
181.06,-0.8400000000000034,-0.004617921935129211,182.31,175.03,False,0.9421380775572045,,0.9054410395286904,,0.903129115097906,,0.9304108825565943,,0.9149385192824618,
184.2,3.1399999999999864,0.017342317463824072,184.41,179.41,True,0.9347694726469908,0.281975,0.9037744996685868,0.9586,0.9036068549825048,0.9917333333333334,0.9268393842883965,0.7194699999999999,0.9113315854158763,0.9630333333333332
185.12,0.9200000000000159,0.0049945711183497065,187.95,182.7,True,0.9414778448200091,0.30922,0.9103069235167824,0.9844,0.9134896310183762,0.9943,0.9341293139293035,0.54037,0.9175228674104005,0.1583571428571429
187.41,2.289999999999992,0.012370354364736344,187.65,183.63,True,0.9426176126785736,0.7348777777777777,0.9119587099977845,0.9422,0.9162206242678268,0.9388666666666668,0.937970885989462,0.5913799999999999,0.9188591902889728,0.79095
186.29,-1.1200000000000043,-0.005976201910250278,187.72,184.39,False,0.9436394920794119,0.1225818181818182,0.9122977142756481,0.9651,0.9172096623390582,0.99515,0.9389388769645487,0.9318699999999998,0.9201345055746774,0.8745
188.69,2.4000000000000057,0.012883139191583045,188.69,183.16,True,0.9437508344768156,-0.10417272727272726,0.9122311560180806,0.9651,0.9172558604976427,0.9876,0.9389745515750609,0.6134909090909091,0.9203238423404984,0.5220727272727272
189.52,0.8300000000000125,0.0043987492712916024,192.27,188.21,True,0.9312894462069495,0.38379,0.8985647126776428,,0.9065602608186812,0.9322333333333334,0.9264996911987567,0.5205272727272727,0.9073861922281404,0.6844399999999999
192.53,3.009999999999991,0.015882228788518315,192.72,186.89,True,0.930296693788937,0.09755454545454546,0.8939981487959291,0.9998,0.9064444880880672,0.2950333333333333,0.927366492745479,0.30282,0.9061712668739689,0.7031857142857143
193.53,1.0,0.0051939957409234926,195.3,192.28,True,0.9220597352007276,-0.31714000000000003,0.8944394837253705,0.9199,0.9132231266792916,0.9490200000000001,0.9366990796529723,0.37172,0.9108911735535766,-0.10066666666666672
193.02,-0.5099999999999909,-0.0026352503487830875,194.53,191.67,False,0.9283565479641591,-0.04760000000000001,0.8930339311923216,-0.9712,0.9089404736113492,0.9884799999999999,0.9326296263655801,0.4200099999999999,0.9069218775087313,0.008633333333333326
193.81,0.7899999999999922,0.004092840120194757,194.22,189.91,True,0.9359284296035071,-0.00012727272727273343,0.8932038800912334,0.9937,0.9157853094219135,0.496325,0.9420993162623972,0.7623200000000001,0.9126083357831467,0.1745272727272727
196.19,2.3799999999999955,0.012280068107940743,196.3,193.41,True,0.9338700423988898,-0.4314363636363636,0.8948301261840584,0.9885,0.9062069714462296,0.98965,0.9453164845384819,0.83945,0.9301110063068407,0.20556999999999995
197.77,1.5800000000000125,0.008053417605382602,199.68,195.65,True,0.9315731572724539,0.25598000000000004,0.8966000923239444,0.9885,0.9032417952447499,0.7345200000000001,0.9391648803046289,0.13802000000000006,0.9230149747497336,0.12070000000000003
197.95,0.1799999999999784,0.0009101481518935047,200.76,196.91,True,0.9375670552066371,0.10438,0.8994225237556915,,0.907827591033396,0.99185,0.9432934552426845,0.42879090909090906,0.9281728570533502,0.5889875
195.63,-2.319999999999993,-0.011720131346299538,199.71,192.39,False,0.9403094862801825,-0.3171363636363637,0.9060668908504962,0.9633,0.91614391957748,0.06299999999999997,0.9467826121313808,0.4107,0.9308616971377892,0.4753428571428571
194.25,-1.3799999999999957,-0.007054132801717504,196.31,188.25,False,0.9397017041582385,-0.2770000000000001,0.9061165598924991,0.9979,0.9157624783221056,0.9987833333333336,0.9464279679007397,0.7308399999999999,0.9296261470038621,0.3123833333333333
199.93,5.680000000000009,0.02924066924066928,200.73,193.51,True,0.9343496311117223,0.15301111111111115,0.9025765504095622,0.993,0.9120569215097445,0.9993,0.9427224110883784,0.6676454545454545,0.9239541052814729,0.98818
195.01,-4.920000000000017,-0.024608613014555168,199.99,193.59,False,0.9361823320283904,0.42001000000000005,0.9011530841733413,0.9041,0.9086905523971215,,0.9488911486288926,,0.9283196905764489,
205.47,10.460000000000008,0.05363827496025849,207.8,186.0,True,0.9455088475338326,,0.8898405520925744,,0.8945503191675972,,0.9204000457051287,,0.9205019520507796,
207.92,2.4499999999999886,0.011923881831897543,209.14,202.7,True,0.9403522680834546,,0.8994372901021521,,0.9044906405042376,,0.9245501629933602,,0.9263725320559741,
210.11,2.190000000000026,0.010532897268180194,212.77,207.58,True,0.9216148546597308,,0.9152756002040242,,0.9043050443116042,,0.9335719352402114,,0.9117030002249944,
210.59,0.4799999999999898,0.002284517633620436,213.93,209.01,True,0.912709708046929,,0.9091434085257806,,0.8967851691793325,,0.9132133164296986,,0.9014039858549224,
47.49100000000001,-0.3999999999999986,-0.008352300014616494,48.826,47.58600000000001,False,0.9147269764086104,0.6110666666666668,0.8988500535359272,,0.8918053097419438,0.9861142857142856,0.8954140597419438,0.6448571428571428,0.872976509838307,0.6369
48.855,1.36399999999999,0.028721231391210755,49.04600000000001,47.023999999999994,True,0.9276444498775337,0.42507,0.9167270176487285,0.9771666666666666,0.8927336165442004,0.9861833333333336,0.9033579915442005,0.5815600000000001,0.8963745909265741,4.9999999999994487e-05
48.988,0.13300000000000267,0.0027223416231706623,50.218,48.555,True,0.9116712731529864,0.6613833333333333,0.8847277000395767,0.9671,0.8780465707720341,0.968825,0.8877973297006054,0.4946400000000001,0.8708006293917924,0.99835
50.398999999999994,1.4109999999999945,0.028802972156446362,50.981,48.869,True,0.9164019272889844,,0.8771616071517652,,0.8708134232206722,0.98846,0.8961323065458089,0.9061,0.8703772897247358,0.9991
51.105,0.7060000000000031,0.014008214448699442,51.333999999999996,50.275,True,0.9105500182918119,0.8951,0.8732774652527893,,0.8723985603228982,0.96765,0.8900393745868909,0.6434,0.875326032843021,0.9961
52.239,1.1340000000000003,0.02218960962723805,52.269,50.705,True,0.9185774498723529,0.9151,0.8749079141811679,0.9738,0.878936443437866,0.7589874999999999,0.9192943505698624,0.45903999999999995,0.8946709239627555,0.7783249999999999
50.533,-1.7059999999999955,-0.03265759298608312,52.288000000000004,50.13800000000001,False,0.8899935229233449,0.9633,0.8607628670614129,0.986,0.8597597697061016,0.4299399999999999,0.9040329732720999,0.7431249999999999,0.8792145461804545,0.98964
50.648,0.11500000000000199,0.0022757406051491496,50.986000000000004,50.32100000000001,True,0.8955140019007443,,0.8667866696328188,,0.8652859479545196,,0.9088892192873701,,0.884017464471,
46.986000000000004,-3.661999999999999,-0.07230295371979148,51.275,47.073,False,0.8926777537881785,,0.8602843830878811,,0.8624525494774634,,0.9057208546937398,,0.8808224360150076,
46.784,-0.2020000000000053,-0.004299152939173483,48.037,46.505,False,0.8851147577396452,0.9488,0.8577207480393836,0.01655000000000001,0.8551652534265495,0.9916333333333331,0.8982660755845391,0.7432500000000001,0.8733543249746255,0.9967
46.763999999999996,-0.02000000000000313,-0.0004274965800274266,46.909,46.07,False,0.8931894091067345,0.7928000000000001,0.8658950342944468,-0.02770000000000002,0.8797113760056011,0.9945714285714286,0.9064778645415608,0.5199666666666666,0.8923308324505651,0.9821333333333334
46.292,-0.4719999999999942,-0.01009323411170974,47.342,46.07,False,0.9104484517839676,0.6477,0.8868435796592739,0.95165,0.8850852820748414,0.99874,0.9215101143752392,0.8388333333333334,0.8988984505300767,0.9924
48.17100000000001,1.8790000000000049,0.04059016676747613,47.901,46.157,True,0.8973842105428224,0.10123333333333334,0.8739878290129656,0.9969,0.8723385405568109,0.98805,0.9084398479985524,0.6809499999999999,0.8867485650171818,0.999
47.891999999999996,-0.2790000000000106,-0.005791866475680607,49.102,47.583,False,0.9054078577100655,0.4527200000000001,0.877652320654655,,0.8805209375856115,0.97924,0.9164604825980248,0.42705,0.8952293900485501,0.5822
47.43899999999999,-0.45300000000000296,-0.009458782260085254,48.33,47.131,False,0.9113769902137626,0.7964,0.8859052762185474,0.9644,0.8865694450200872,0.9891833333333334,0.9224281088178365,0.29375,0.9014271114843099,0.9765
48.21100000000001,0.7720000000000127,0.016273530217753594,48.431999999999995,47.3,True,0.9092034834209857,0.2503333333333333,0.8833814484756702,,0.8988286548100105,0.7530142857142857,0.920253848883117,0.4908285714285714,0.8971143259302446,0.9971
47.95,-0.2610000000000028,-0.00541370226711752,48.799,47.618,False,0.9115234856976996,0.3017333333333333,0.8764541348917084,0.9224,0.8822569047255454,0.7519500000000001,0.9066765850954317,0.7856500000000001,0.8812697726182295,0.0275666666666667
47.227,-0.7230000000000061,-0.015078206465067903,48.075,46.909,False,0.916648063999285,0.9246857142857142,0.8877683128387136,0.3378,0.889046107798379,0.39296,0.9061748504405754,0.5534899999999999,0.9135480489551763,0.7853399999999999
47.321999999999996,0.09499999999999886,0.0020115611832214387,47.757,46.832,True,0.9234200584174768,0.9768,0.8903992274214895,,0.892159610620054,0.9791571428571428,0.9223793986078189,0.6069800000000001,0.9154449984516547,0.7152
47.595,0.27300000000000324,0.005768986940535128,47.731,46.98,True,0.9002693037431214,,0.8820293786205009,0.7579,0.8813958202197832,0.982318181818182,0.8997294642136658,0.7170571428571427,0.9010378593420914,
46.736999999999995,-0.8580000000000041,-0.018027103687362205,48.326,47.341,False,0.9204412647873479,,0.8921727514721766,,0.893552644300613,0.9848,0.923806142959302,,0.894373973972112,0.7978
46.191,-0.5459999999999923,-0.011682392964888471,47.419,45.43,False,0.9342281416826191,0.7362571428571429,0.8977232209666189,,0.8971001256914354,,0.9290918279349873,,0.8956658296496659,
45.04,-1.1510000000000034,-0.02491827412266466,46.22,44.631,False,0.9300804147562151,,0.9072663294671927,,0.900055778481286,,0.9348701241839358,,0.8890295326781201,
45.166000000000004,0.12600000000000475,0.002797513321492113,45.58600000000001,44.631,True,0.9219486581041797,0.6541,0.9009361104580772,,0.8976976562545939,0.6301899999999999,0.9388377836513734,0.804725,0.8812224149848263,0.29816666666666664
43.401,-1.7650000000000006,-0.03907806757295312,45.225,43.361999999999995,False,0.9113395981214257,0.90285,0.8918156331385497,,0.8814386342336699,0.4248571428571429,0.9069432217415834,0.946,0.8740911245940377,0.7447
43.938,0.5369999999999989,0.012372986797539204,44.455,43.372,True,0.9104717219016353,0.99565,0.8919287910965185,0.9818,0.8868492862884217,0.4962125000000001,0.9082496127241947,0.8543,0.8917245539016335,0.7447
45.556000000000004,1.618000000000002,0.03682461650507538,45.786,43.898,True,0.9213455798742368,0.52615,0.8833044593830714,0.2122,0.8752663767493442,0.7731199999999999,0.891935814963802,0.9359333333333334,0.8790924316442387,0.99615
45.352,-0.20400000000000773,-0.0044780050926334115,46.025,44.88399999999999,False,0.9301111982492355,0.29378000000000004,0.8941543715695554,0.19730000000000006,0.897875226672224,0.5642,0.9126586559001969,0.59335,0.8911043043413945,0.9822
45.43,0.07800000000000296,0.0017198800493914929,46.327,44.864,True,0.9421380775572045,0.44988333333333336,0.9054410395286904,0.9909,0.903129115097906,0.94662,0.9304108825565943,0.6571600000000001,0.9149385192824618,0.7917777777777777
44.347,-1.0829999999999984,-0.02383887299141533,45.839,43.976000000000006,False,0.9347694726469908,0.9296399999999998,0.9037744996685868,0.9849,0.9036068549825048,0.9853444444444444,0.9268393842883965,0.966,0.9113315854158763,0.9999
43.693999999999996,-0.6530000000000058,-0.014724784089115516,44.845,43.577,False,0.9414778448200091,,0.9103069235167824,,0.9134896310183762,,0.9341293139293035,,0.9175228674104005,
43.449,-0.24499999999999744,-0.005607177186799046,43.967,43.265,False,0.9426176126785736,0.5395666666666666,0.9119587099977845,0.97795,0.9162206242678268,0.7584399999999999,0.937970885989462,0.9108,0.9188591902889728,0.9959
42.63800000000001,-0.8109999999999928,-0.01866556192317413,43.567,42.293,False,0.9436394920794119,0.35700000000000004,0.9122977142756481,0.936,0.9172096623390582,0.9530555555555554,0.9389388769645487,0.9532666666666666,0.9201345055746774,0.98475
42.983999999999995,0.3459999999999894,0.008114827149490815,43.339,42.528,True,0.9437508344768156,0.6106125,0.9122311560180806,0.9825,0.9172558604976427,0.60936,0.9389745515750609,0.5687500000000001,0.9203238423404984,0.9754
45.711999999999996,2.728000000000001,0.06346547552577707,44.299,42.965,True,0.9312894462069495,0.6941333333333333,0.8985647126776428,0.9937,0.9065602608186812,0.7526125,0.9264996911987567,0.8832333333333332,0.9073861922281404,0.8434999999999998
47.52,1.808000000000007,0.0395519775988801,49.042,45.405,True,0.930296693788937,0.9633,0.8939981487959291,,0.9064444880880672,0.9855888888888891,0.927366492745479,0.7553,0.9061712668739689,0.9183
47.608999999999995,0.08899999999999153,0.0018728956228954445,48.38,47.372,True,0.9220597352007276,0.9763,0.8944394837253705,,0.9132231266792916,0.8955399999999999,0.9366990796529723,0.8851666666666667,0.9108911735535766,0.88725
47.797,0.1880000000000024,0.003948833203806053,48.221000000000004,47.135,True,0.9283565479641591,0.9096,0.8930339311923216,,0.9089404736113492,0.9499571428571428,0.9326296263655801,-0.15242500000000006,0.9069218775087313,0.99705
47.777,-0.019999999999996014,-0.00041843630353361133,48.093,46.946999999999996,False,0.9359284296035071,0.1681166666666667,0.8932038800912334,,0.9157853094219135,0.9806666666666668,0.9420993162623972,0.690175,0.9126083357831467,
47.688,-0.08899999999999864,-0.0018628210226677823,48.398999999999994,47.431000000000004,False,0.9338700423988898,,0.8948301261840584,,0.9062069714462296,,0.9453164845384819,,0.9301110063068407,
46.44300000000001,-1.2449999999999974,-0.026107196779063858,47.825,46.062,False,0.9315731572724539,,0.8966000923239444,,0.9032417952447499,,0.9391648803046289,,0.9230149747497336,
46.68,0.2369999999999948,0.00510302952005673,46.7,45.168,True,0.9375670552066371,,0.8994225237556915,,0.907827591033396,,0.9432934552426845,,0.9281728570533502,
48.785,2.104999999999997,0.045094258783204735,49.052,46.453,True,0.9403094862801825,,0.9060668908504962,,0.91614391957748,,0.9467826121313808,,0.9308616971377892,
48.65600000000001,-0.12899999999999068,-0.0026442554063747193,49.718999999999994,48.265,False,0.9397017041582385,,0.9061165598924991,,0.9157624783221056,,0.9464279679007397,,0.9296261470038621,
49.368,0.7119999999999962,0.01463334429463984,49.486000000000004,48.428999999999995,True,0.9343496311117223,,0.9025765504095622,,0.9120569215097445,,0.9427224110883784,,0.9239541052814729,
48.44,-0.9280000000000044,-0.01879760168530231,49.49,48.51,False,0.9361823320283904,,0.9011530841733413,,0.9086905523971215,,0.9488911486288926,,0.9283196905764489,
50.05,1.6099999999999994,0.03323699421965317,48.85,47.7,True,0.9455088475338326,,0.8898405520925744,,0.8945503191675972,0.9851200000000001,0.9204000457051287,0.8951333333333333,0.9205019520507796,0.8417909090909089
48.86,-1.1899999999999975,-0.02377622377622373,51.18,48.15,False,0.9403522680834546,0.8999333333333333,0.8994372901021521,,0.9044906405042376,0.9963,0.9245501629933602,0.8957,0.9263725320559741,0.72818
47.88,-0.9799999999999968,-0.02005730659025781,49.43,47.42,False,0.9216148546597308,0.45635,0.9152756002040242,0.99,0.9043050443116042,0.7626375000000001,0.9335719352402114,0.9402,0.9117030002249944,0.743
45.29,-2.5900000000000034,-0.054093567251462055,47.94,44.84,False,0.912709708046929,,0.9091434085257806,,0.8967851691793325,,0.9132133164296986,,0.9014039858549224,
51.665,0.7100000000000009,0.01393386321263862,51.693999999999996,49.972,True,0.9147269764086104,0.7628333333333335,0.8988500535359272,0.631325,0.8918053097419438,0.99205,0.8954140597419438,0.9559625,0.872976509838307,0.9985
55.71100000000001,4.0460000000000065,0.07831220361947172,55.71100000000001,51.598,True,0.9276444498775337,0.52176,0.9167270176487285,0.5172,0.8927336165442004,0.99076,0.9033579915442005,0.8143600000000001,0.8963745909265741,0.97975
53.648999999999994,-2.062000000000012,-0.03701243919513223,56.42,52.541000000000004,False,0.9116712731529864,0.4947857142857143,0.8847277000395767,0.9772,0.8780465707720341,0.8181714285714285,0.8877973297006054,0.7294,0.8708006293917924,0.9995
54.222,0.5730000000000075,0.01068053458591973,54.76600000000001,53.143,True,0.9164019272889844,0.503575,0.8771616071517652,0.9567,0.8708134232206722,0.9913300000000002,0.8961323065458089,0.6539166666666666,0.8703772897247358,0.99905
53.668,-0.554000000000002,-0.010217254988749992,54.553999999999995,53.746,False,0.9105500182918119,0.7517,0.8732774652527893,0.9879,0.8723985603228982,0.9873833333333332,0.8900393745868909,0.9592166666666664,0.875326032843021,0.9959333333333332
53.96,0.2920000000000016,0.005440858612208422,54.79600000000001,52.977,True,0.9185774498723529,0.5427400000000001,0.8749079141811679,0.9698,0.878936443437866,0.9893200000000001,0.9192943505698624,0.35856999999999994,0.8946709239627555,0.6611
53.143,-0.8170000000000002,-0.015140845070422538,54.28100000000001,52.239,False,0.8899935229233449,0.7880100000000001,0.8607628670614129,0.9894,0.8597597697061016,0.996275,0.9040329732720999,0.51439,0.8792145461804545,
52.744,-0.3990000000000009,-0.007508044333214175,54.65,51.87,False,0.8955140019007443,,0.8667866696328188,,0.8652859479545196,,0.9088892192873701,,0.884017464471,
55.048,2.304000000000002,0.04368269376611562,55.263999999999996,52.375,True,0.8926777537881785,,0.8602843830878811,,0.8624525494774634,,0.9057208546937398,,0.8808224360150076,
54.4,-0.6480000000000032,-0.011771544833599826,55.87300000000001,54.211999999999996,False,0.8851147577396452,,0.8577207480393836,,0.8551652534265495,,0.8982660755845391,,0.8733543249746255,
54.806000000000004,0.4060000000000059,0.0074632352941177565,56.206,54.00899999999999,True,0.8931894091067345,,0.8658950342944468,,0.8797113760056011,,0.9064778645415608,,0.8923308324505651,
57.136,2.3299999999999983,0.042513593402182207,57.766999999999996,54.501999999999995,True,0.9104484517839676,,0.8868435796592739,,0.8850852820748414,,0.9215101143752392,,0.8988984505300767,
57.205,0.06899999999999551,0.001207644917390008,57.401,56.246,True,0.8973842105428224,,0.8739878290129656,,0.8723385405568109,,0.9084398479985524,,0.8867485650171818,
58.526,1.3210000000000048,0.02309238702910593,58.732,56.119,True,0.9054078577100655,,0.877652320654655,,0.8805209375856115,,0.9164604825980248,,0.8952293900485501,
57.224,-1.3020000000000067,-0.022246522912893533,58.536,56.799,False,0.9113769902137626,,0.8859052762185474,,0.8865694450200872,,0.9224281088178365,,0.9014271114843099,
57.625,0.40100000000000335,0.007007549280022427,58.066,56.979,True,0.9092034834209857,,0.8833814484756702,,0.8988286548100105,0.7080666666666667,0.920253848883117,,0.8971143259302446,0.9061
54.07100000000001,-3.5539999999999954,-0.06167462039045545,58.165,53.7,False,0.9115234856976996,0.4151,0.8764541348917084,0.9469,0.8822569047255454,0.993,0.9066765850954317,0.66403,0.8812697726182295,0.9747166666666668
54.512,0.4409999999999954,0.008155943111834355,55.07,53.103,True,0.916648063999285,0.7225181818181821,0.8877683128387136,0.9948,0.889046107798379,0.99715,0.9061748504405754,0.9157125,0.9135480489551763,0.4124714285714286
53.797,-0.7150000000000034,-0.01311637804520112,55.247,53.64100000000001,False,0.9234200584174768,0.5737727272727273,0.8903992274214895,0.9597,0.892159610620054,0.9928,0.9223793986078189,0.4730700000000001,0.9154449984516547,0.7065714285714285
50.714,-3.0829999999999984,-0.05730802832871719,54.482,51.937,False,0.9002693037431214,0.9094111111111112,0.8820293786205009,0.95862,0.8813958202197832,0.99495,0.8997294642136658,0.9175799999999998,0.9010378593420914,0.7738571428571428
51.614,0.8999999999999986,0.017746578853965345,52.026,50.18,True,0.9204412647873479,0.4345250000000001,0.8921727514721766,0.9677,0.893552644300613,0.7979600000000001,0.923806142959302,0.3511375,0.894373973972112,0.99255
53.396,1.7820000000000036,0.034525516332778,53.931999999999995,51.105,True,0.9342281416826191,0.4026,0.8977232209666189,0.9512333333333332,0.8971001256914354,0.96795,0.9290918279349873,0.59282,0.8956658296496659,0.9889
54.49,1.0940000000000012,0.020488426099333303,54.11600000000001,52.603,True,0.9300804147562151,0.46558999999999995,0.9072663294671927,0.5789000000000001,0.900055778481286,0.726225,0.9348701241839358,0.30421000000000004,0.8890295326781201,0.9503142857142856
53.515,-0.9750000000000014,-0.017893191411268147,54.816,53.593999999999994,False,0.9219486581041797,0.7396624999999999,0.9009361104580772,0.9855,0.8976976562545939,0.9613909090909092,0.9388377836513734,0.3918,0.8812224149848263,0.9966
51.573,-1.942,-0.03628889096514997,53.653,50.922,False,0.9113395981214257,0.5422888888888889,0.8918156331385497,0.985,0.8814386342336699,0.9689,0.9069432217415834,0.8504714285714285,0.8740911245940377,0.99645
52.498999999999995,0.9259999999999948,0.017955131561088068,52.854,51.217,True,0.9104717219016353,0.7908142857142858,0.8919287910965185,0.995,0.8868492862884217,0.9988,0.9082496127241947,0.7217499999999999,0.8917245539016335,0.7559000000000002
50.803000000000004,-1.6959999999999908,-0.03230537724528069,52.498999999999995,50.113,False,0.9213455798742368,0.27672,0.8833044593830714,0.9892,0.8752663767493442,0.994075,0.891935814963802,0.8682142857142858,0.8790924316442387,0.9947
51.266999999999996,0.4639999999999915,0.009133318898490079,51.573,50.34,True,0.9301111982492355,0.5323333333333333,0.8941543715695554,0.99375,0.897875226672224,0.7262571428571428,0.9126586559001969,0.6446599999999999,0.8911043043413945,0.9604
53.278,2.0110000000000032,0.039226012834767066,53.919,51.148999999999994,True,0.9421380775572045,0.4733899999999999,0.9054410395286904,0.9836,0.903129115097906,0.8212700000000001,0.9304108825565943,0.052080000000000015,0.9149385192824618,0.6505249999999999
52.055,-1.222999999999999,-0.02295506588085136,53.87,52.055,False,0.9347694726469908,,0.9037744996685868,,0.9036068549825048,,0.9268393842883965,,0.9113315854158763,
54.86600000000001,2.8110000000000066,0.05400057631351469,53.653,51.483000000000004,True,0.9414778448200091,,0.9103069235167824,,0.9134896310183762,,0.9341293139293035,,0.9175228674104005,
55.19,0.32399999999999096,0.00590529654066254,55.802,54.382,True,0.9426176126785736,,0.9119587099977845,,0.9162206242678268,,0.937970885989462,,0.9188591902889728,
54.48,-0.7100000000000009,-0.012864649393005995,55.526,53.83,False,0.9436394920794119,,0.9122977142756481,,0.9172096623390582,,0.9389388769645487,,0.9201345055746774,
54.185,-0.2949999999999946,-0.005414831130690063,54.886,53.357,False,0.9437508344768156,,0.9122311560180806,,0.9172558604976427,,0.9389745515750609,,0.9203238423404984,
54.08600000000001,-0.09899999999999663,-0.0018270739134446184,54.62300000000001,53.278,False,0.9312894462069495,,0.8985647126776428,,0.9065602608186812,,0.9264996911987567,,0.9073861922281404,
53.129,-0.9570000000000078,-0.01769404282069311,54.185,52.43,False,0.930296693788937,0.3380090909090909,0.8939981487959291,0.9332,0.9064444880880672,0.6575300000000001,0.927366492745479,0.28669,0.9061712668739689,0.6574142857142856
52.027,-1.1019999999999968,-0.02074196766361115,53.327,51.55,False,0.9220597352007276,0.8608666666666667,0.8944394837253705,0.9916,0.9132231266792916,0.8216222222222221,0.9366990796529723,0.35678000000000004,0.9108911735535766,0.8074399999999999
52.106,0.07900000000000063,0.0015184423472427895,52.988,51.381,True,0.9283565479641591,0.4091714285714286,0.8930339311923216,,0.9089404736113492,,0.9326296263655801,,0.9069218775087313,
51.828,-0.2779999999999987,-0.005335278086976523,52.268,51.023999999999994,False,0.9359284296035071,,0.8932038800912334,,0.9157853094219135,,0.9420993162623972,,0.9126083357831467,
50.646,-1.1820000000000022,-0.02280620514007876,52.205,50.775,False,0.9338700423988898,,0.8948301261840584,0.8777999999999999,0.9062069714462296,0.9718700000000001,0.9453164845384819,0.24370000000000006,0.9301110063068407,0.206425
49.593999999999994,-1.0520000000000067,-0.02077163053350722,51.133,49.216,False,0.9315731572724539,0.5176300000000001,0.8966000923239444,,0.9032417952447499,0.9757600000000002,0.9391648803046289,0.47593,0.9230149747497336,0.6779000000000001
51.181999999999995,1.588000000000001,0.032020002419647565,51.371,48.928000000000004,True,0.9375670552066371,,0.8994225237556915,,0.907827591033396,,0.9432934552426845,,0.9281728570533502,
53.178000000000004,1.9960000000000089,0.03899808526435093,53.738,50.726000000000006,True,0.9403094862801825,0.7130857142857143,0.9060668908504962,0.9964,0.91614391957748,0.9975,0.9467826121313808,0.5965,0.9308616971377892,0.8207750000000001
53.913000000000004,0.7349999999999994,0.013821505133701895,54.152,53.148999999999994,True,0.9397017041582385,,0.9061165598924991,,0.9157624783221056,,0.9464279679007397,,0.9296261470038621,
54.618,0.7049999999999983,0.013076623448889844,55.233999999999995,53.367,True,0.9343496311117223,,0.9025765504095622,,0.9120569215097445,,0.9427224110883784,,0.9239541052814729,
55.303999999999995,0.6859999999999928,0.012559961917316505,55.383,54.4,True,0.9361823320283904,0.5300333333333334,0.9011530841733413,0.9786,0.9086905523971215,0.9313636363636364,0.9488911486288926,0.23469,0.9283196905764489,0.5954727272727273
52.742,-2.5619999999999976,-0.04632576305511352,55.323,52.473,False,0.9455088475338326,0.06724285714285715,0.8898405520925744,0.98735,0.8945503191675972,0.9744090909090908,0.9204000457051287,0.79471,0.9205019520507796,0.5806888888888888
55.065,2.3230000000000004,0.04404459444086308,55.193999999999996,52.632,True,0.9403522680834546,0.6745818181818183,0.8994372901021521,0.9808,0.9044906405042376,0.98485,0.9245501629933602,0.78508,0.9263725320559741,0.7145199999999999
55.8,0.7349999999999994,0.013347861618087705,56.44600000000001,54.747,True,0.9216148546597308,0.9213399999999999,0.9152756002040242,0.6496999999999999,0.9043050443116042,0.9918399999999999,0.9335719352402114,0.3833,0.9117030002249944,0.9607
53.9,-1.8999999999999984,-0.034050179211469515,56.52,54.05,False,0.912709708046929,0.7194666666666666,0.9091434085257806,0.7453285714285716,0.8967851691793325,0.9740700000000001,0.9132133164296986,0.8646100000000001,0.9014039858549224,0.9398
